<?xml version="1.0" encoding="utf-8" ?>
<Defs>
	<ThoughtDef>
		<defName>BOT_Communal_PrisonCell</defName>
		<workerClass>ThoughtWorker_PrisonCellImpressiveness</workerClass>
		<stages>
			<li>
				<label>awful prison cell</label>
				<description>My prison cell is an awful place.</description>
				<baseMoodEffect>-4</baseMoodEffect>
			</li>
			<li IsNull="True" />
			<!-- dull -->
			<li IsNull="True" />
			<!-- mediocre -->
			<li>
				<label>decent prison cell</label>
				<description>My prison cell is pretty decent.</description>
				<baseMoodEffect>-2</baseMoodEffect>
			</li>
			<li>
				<label>slightly impressive prison cell</label>
				<description>My prison cell seems to be a nice place.</description>
				<baseMoodEffect>1</baseMoodEffect>
			</li>
			<li>
				<label>impressive prison cell</label>
				<description>My prison cell is impressive. I can't believe they are keeping me in a room like this.</description>
				<baseMoodEffect>2</baseMoodEffect>
			</li>
			<li>
				<label>very impressive prison cell</label>
				<description>My prison cell is very impressive. I can't believe they are keeping me in a room like this. I love it!</description>
				<baseMoodEffect>3</baseMoodEffect>
			</li>
			<li>
				<label>extremely impressive prison cell</label>
				<description>My prison cell is extremely impressive. I can't believe they are keeping me in a room like this. I love it!</description>
				<baseMoodEffect>4</baseMoodEffect>
			</li>
			<li>
				<label>unbelievably impressive prison cell</label>
				<description>My prison cell is unbelievably impressive. This is the best place ever!</description>
				<baseMoodEffect>5</baseMoodEffect>
			</li>
			<li>
				<label>wondrously impressive prison cell</label>
				<description>My prison cell is the best place one can ever imagine. I can stay here forever.</description>
				<baseMoodEffect>6</baseMoodEffect>
			</li>
		</stages>
		<requiredTraits>
			<li>BOT_Communal</li>
		</requiredTraits>
	</ThoughtDef>

	<ThoughtDef>
		<defName>BOT_Communal_PrisonBarracks</defName>
		<workerClass>ThoughtWorker_PrisonBarracksImpressiveness</workerClass>
		<stages>
			<li>
				<label>awful barrack</label>
				<description>My prison barrack is an awful place.</description>
				<baseMoodEffect>-4</baseMoodEffect>
			</li>
			<li>
				<label>dull barrack</label>
				<description>I'm living in a dull barrack.</description>
				<baseMoodEffect>2</baseMoodEffect>
			</li>
			<li IsNull="True" />
			<!-- mediocre -->
			<li IsNull="True" />
			<!-- decent -->
			<li>
				<label>slightly impressive barrack</label>
				<description>My prison barrack is slightly impressive.</description>
				<baseMoodEffect>3</baseMoodEffect>
			</li>
			<li>
				<label>somewhat impressive barrack</label>
				<description>My prison barrack is impressive. I like it.</description>
				<baseMoodEffect>4</baseMoodEffect>
			</li>
			<li>
				<label>very impressive barrack</label>
				<description>My prison barrack is very impressive. I like it.</description>
				<baseMoodEffect>5</baseMoodEffect>
			</li>
			<li>
				<label>extremely impressive barrack</label>
				<description>My prison barrack is extremely impressive. I can't believe they are keeping me in a place like this.</description>
				<baseMoodEffect>6</baseMoodEffect>
			</li>
			<li>
				<label>unbelievably impressive barrack</label>
				<description>My prison barrack is unbelievably impressive. I can't believe they are keeping me in a place like this.</description>
				<baseMoodEffect>7</baseMoodEffect>
			</li>
			<li>
				<label>wondrously impressive barrack</label>
				<description>My prison barrack is wonderful! I can't believe they are keeping me in a place like this.</description>
				<baseMoodEffect>8</baseMoodEffect>
			</li>
		</stages>
		<requiredTraits>
			<li>BOT_Communal</li>
		</requiredTraits>
	</ThoughtDef>

	<ThoughtDef>
		<defName>BOT_Communal_SleptInBedroom</defName>
		<durationDays>1</durationDays>
		<stackLimit>1</stackLimit>
		<stages>
			<li>
				<label>awful bedroom</label>
				<description>I had to sleep in an awful bedroom.</description>
				<baseMoodEffect>-4</baseMoodEffect>
			</li>
			<li>
				<label>dull bedroom</label>
				<description>I had to sleep in a dull bedroom.</description>
				<baseMoodEffect>-3</baseMoodEffect>
			</li>
			<li>
				<label>mediocre bedroom</label>
				<description>I had to sleep in a mediocre bedroom.</description>
				<baseMoodEffect>-2</baseMoodEffect>
			</li>
			<li IsNull="True" />
			<li IsNull="True" />
			<li>
				<label>slightly impressive bedroom</label>
				<description>I got to sleep in a pretty nice bedroom.</description>
				<baseMoodEffect>-1</baseMoodEffect>
			</li>
			<li>
				<label>very impressive bedroom</label>
				<description>I slept in a very impressive bedroom.</description>
				<baseMoodEffect>1</baseMoodEffect>
			</li>
			<li>
				<label>extremely impressive bedroom</label>
				<description>I slept in an extremely impressive bedroom.</description>
				<baseMoodEffect>2</baseMoodEffect>
			</li>
			<li>
				<label>unbelievably impressive bedroom</label>
				<description>The bedroom I slept in was so impressive.</description>
				<baseMoodEffect>3</baseMoodEffect>
			</li>
			<li>
				<label>wondrously impressive bedroom</label>
				<description>I slept in a bedroom that was simply wondrous.</description>
				<baseMoodEffect>4</baseMoodEffect>
			</li>
		</stages>
		<requiredTraits>
			<li>BOT_Communal</li>
		</requiredTraits>
	</ThoughtDef>

	<ThoughtDef>
		<defName>BOT_Communal_SleptInBarracks</defName>
		<durationDays>1</durationDays>
		<stackLimit>1</stackLimit>
		<stages>
			<li>
				<label>awful barrack</label>
				<description>I had to sleep in an awful barrack.</description>
				<baseMoodEffect>-4</baseMoodEffect>
			</li>
			<li IsNull="True" />
			<li IsNull="True" />
			<li>
				<label>decent barrack</label>
				<description>I got to sleep in a pretty decent barrack.</description>
				<baseMoodEffect>2</baseMoodEffect>
			</li>
			<li>
				<label>slightly impressive barrack</label>
				<description>I got to sleep in a slightly impressive barrack. I like it.</description>
				<baseMoodEffect>3</baseMoodEffect>
			</li>
			<li>
				<label>impressive barrack</label>
				<description>I slept in an impressive barrack. It was great.</description>
				<baseMoodEffect>4</baseMoodEffect>
			</li>
			<li>
				<label>very impressive barrack</label>
				<description>I slept in a very impressive barrack. I love it.</description>
				<baseMoodEffect>5</baseMoodEffect>
			</li>
			<li>
				<label>extremely impressive barrack</label>
				<description>I slept in an extremely impressive barrack. It was marvelous.</description>
				<baseMoodEffect>6</baseMoodEffect>
			</li>
			<li>
				<label>unbelievably impressive barrack</label>
				<description>I slept in an unbelievably impressive barrack. It was truly astounding.</description>
				<baseMoodEffect>7</baseMoodEffect>
			</li>
			<li>
				<label>wondrously impressive barrack</label>
				<description>I slept in a heavenly barrack. It was wondrous.</description>
				<baseMoodEffect>8</baseMoodEffect>
			</li>
		</stages>
		<requiredTraits>
			<li>BOT_Communal</li>
		</requiredTraits>
	</ThoughtDef>

	<ThoughtDef>
		<defName>BOT_HatesConfinedSpace</defName>
		<workerClass>More_Traits.BOT_ThoughtWorker_Claustrophobic</workerClass>
		<stages>
			<li>
				<label>cramped space</label>
				<description>I need to get out of here! I can't breathe..! The walls..</description>
				<baseMoodEffect>-15</baseMoodEffect>
			</li>
			<li>
				<label>rather tight</label>
				<description>There really isn't enough space in here, it feels as if the walls are closing in.</description>
				<baseMoodEffect>-8</baseMoodEffect>
			</li>
		</stages>
		<requiredTraits>
			<li>BOT_Claustrophobic</li>
		</requiredTraits>
	</ThoughtDef>
</Defs>
