<?xml version="1.0" encoding="utf-8" ?>
<Defs>
	<!-- Pacifist Thoughts -->
	<ThoughtDef>
		<defName>BOT_Pacifist_HoldingWeapon</defName>
		<workerClass>More_Traits.BOT_ThoughtWorker_IsCarryingWeapon</workerClass>
		<validWhileDespawned>true</validWhileDespawned>
		<requiredTraits>
			<li>BOT_Pacifist</li>
		</requiredTraits>
		<stages>
			<li>
				<label>pacifist has weapon</label>
				<description>I dislike having to carry a weapon.</description>
				<baseMoodEffect>-5</baseMoodEffect>
			</li>
		</stages>
	</ThoughtDef>
	
	<ThoughtDef>
		<defName>BOT_Pacifist_KilledAnimal</defName>
		<durationDays>6</durationDays>
		<stackLimit>5</stackLimit>
		<validWhileDespawned>true</validWhileDespawned>
		<requiredTraits>
			<li>BOT_Pacifist</li>
		</requiredTraits>
		<stages>
			<li>
				<label>pacifist killed animal</label>
				<description>I killed an animal. I could have probably avoided that.</description>
				<baseMoodEffect>-5</baseMoodEffect>
			</li>
		</stages>
	</ThoughtDef>
	
	<ThoughtDef>
		<defName>BOT_Pacifist_KilledHuman</defName>
		<durationDays>6</durationDays>
		<stackLimit>5</stackLimit>
		<validWhileDespawned>true</validWhileDespawned>
		<requiredTraits>
			<li>BOT_Pacifist</li>
		</requiredTraits>
		<stages>
			<li>
				<label>pacifist killed humanlike</label>
				<description>I killed another person, while I advocate for peace and compassion.</description>
				<baseMoodEffect>-5</baseMoodEffect>
			</li>
		</stages>
	</ThoughtDef>

	<!-- Pyrophobic Thoughts -->
	<ThoughtDef>
		<defName>BOT_PyrophobiaHoldingIncendiary</defName>
		<workerClass>ThoughtWorker_IsCarryingIncendiaryWeapon</workerClass>
		<validWhileDespawned>true</validWhileDespawned>
		<requiredTraits>
			<li>BOT_Pyrophobia</li>
		</requiredTraits>
		<stages>
			<li>
				<label>pyrophobic has incendiary weapon</label>
				<description>I hate fire. Why do I need to burn things?</description>
				<baseMoodEffect>-12</baseMoodEffect>
			</li>
		</stages>
	</ThoughtDef>

	<ThoughtDef>
		<defName>BOT_PyrophobicBurned</defName>
		<workerClass>More_Traits.BOT_ThoughtWorker_PyrophobicBurned</workerClass>
		<validWhileDespawned>true</validWhileDespawned>
		<requiredTraits>
			<li>BOT_Pyrophobia</li>
		</requiredTraits>
		<nullifyingTraits>
			<li>Masochist</li>
		</nullifyingTraits>
		<neverNullifyIfAnyTrait>
			<li>Wimp</li>
		</neverNullifyIfAnyTrait>
		<stages>
			<li>
				<label>pyrophobic has burns</label>
				<description>These burns remind me of scalding hot flames...</description>
				<baseMoodEffect>-12</baseMoodEffect>
			</li>
			<li>
				<label>pyrophobic has burns</label>
				<description>These burns remind me of scalding hot flames...</description>
				<baseMoodEffect>-8</baseMoodEffect>
			</li>
		</stages>
	</ThoughtDef>

	<ThoughtDef>
		<defName>BOT_PyrophobicNearFire</defName>
		<validWhileDespawned>true</validWhileDespawned>
		<durationDays>0.010417</durationDays>
		<requiredTraits>
			<li>BOT_Pyrophobia</li>
		</requiredTraits>
		<stages>
			<li>
				<label>pyrophobic drafted near fire</label>
				<description>Keep it away from me.. Keep it away from me.. Keep it away from me..</description>
				<baseMoodEffect>-30</baseMoodEffect>
			</li>
			<li>
				<label>pyrophobic running from fire</label>
				<description>I'm getting out of here! This is insane!</description>
				<baseMoodEffect>-18</baseMoodEffect>
			</li>
		</stages>
	</ThoughtDef>

	<ThoughtDef>
		<defName>BOT_PyrophobicOnFire</defName>
		<workerClass>More_Traits.BOT_ThoughtWorker_PyrophobicOnFire</workerClass>
		<validWhileDespawned>true</validWhileDespawned>
		<requiredTraits>
			<li>BOT_Pyrophobia</li>
		</requiredTraits>
		<stages>
			<li>
				<label>pyrophobic burning</label>
				<description>AAAAAAAAAAAAAAAAAAAAAAAAAAAAAAAAAAAAAAAAAAAAAAAAAAAAAA</description>
				<baseMoodEffect>-100</baseMoodEffect>
			</li>
		</stages>
	</ThoughtDef>
	
	<!-- Loves Sleep Moods -->
	<ThoughtDef>
		<defName>BOT_LovesSleepWellRested</defName>
		<validWhileDespawned>true</validWhileDespawned>
		<durationDays>0.25</durationDays>
		<requiredTraits>
			<li>BOT_Loves_Sleeping</li>
		</requiredTraits>
		<stages>
			<li>
				<label>sleep lover well rested</label>
				<description>I slept really nicely last night.</description>
				<baseMoodEffect>8</baseMoodEffect>
			</li>
		</stages>
	</ThoughtDef>
	
	<!-- Nyctophobia -->
	<ThoughtDef>
		<defName>BOT_NyctophobiaCantSleep</defName>
		<validWhileDespawned>true</validWhileDespawned>
		<durationDays>0.25</durationDays>
		<requiredTraits>
			<li>BOT_Nyctophobia</li>
		</requiredTraits>
		<stages>
			<li>
				<label>nyctophobic can't sleep</label>
				<description>It's too dark in here. I can't sleep like this.</description>
				<baseMoodEffect>-1</baseMoodEffect>
			</li>
		</stages>
	</ThoughtDef>
	
	<!-- Sleepyhead -->
	<ThoughtDef>
		<defName>BOT_SleepyHeadContinuesSleeping</defName>
		<validWhileDespawned>true</validWhileDespawned>
		<durationDays>0.0083</durationDays>
		<requiredTraits>
			<li>BOT_Sleepyhead</li>
		</requiredTraits>
		<stages>
			<li>
				<label>sleepyhead continues sleeping</label>
				<description>I think I'm just gonna sleep a little longer. It doesn't hurt to do so, right?</description>
				<baseMoodEffect>2</baseMoodEffect>
			</li>
		</stages>
	</ThoughtDef>

	<ThoughtDef>
		<defName>BOT_SleepyHeadForcefullyWokenUp</defName>
		<validWhileDespawned>true</validWhileDespawned>
		<durationDays>0.5</durationDays>
		<requiredTraits>
			<li>BOT_Sleepyhead</li>
		</requiredTraits>
		<stages>
			<li>
				<label>sleepyhead forced out of bed</label>
				<description>Really? I wanted to sleep a little longer..</description>
				<baseMoodEffect>-6</baseMoodEffect>
			</li>
		</stages>
	</ThoughtDef>
	
	<ThoughtDef>
		<defName>BOT_SleepyHeadStopsSleeping</defName>
		<validWhileDespawned>true</validWhileDespawned>
		<durationDays>0.25</durationDays>
		<requiredTraits>
			<li>BOT_Sleepyhead</li>
		</requiredTraits>
		<stages>
			<li>
				<label>sleepyhead got up himself</label>
				<description>I feel great after getting to sleep some more!</description>
				<baseMoodEffect>8</baseMoodEffect>
			</li>
		</stages>
	</ThoughtDef>
	
	<!-- Gregarious Thoughts -->
	<ThoughtDef>
		<defName>BOT_GregariousCompany</defName>
		<validWhileDespawned>true</validWhileDespawned>
		<workerClass>More_Traits.ThoughtWorker_GregariousCompany</workerClass>
		<requiredTraits>
			<li>BOT_Gregarious</li>
		</requiredTraits>
		<stages>
			<li>
				<label>gregarious all alone</label>
				<description>I wish I had some company...</description>
				<baseMoodEffect>-3</baseMoodEffect>
			</li>
			<li>
				<label>gregarious not alone</label>
				<description>I like having someone around.</description>
				<baseMoodEffect>1</baseMoodEffect>
			</li>
			<li>
				<label>gregarious has some company</label>
				<description>It's neat having a few people around.</description>
				<baseMoodEffect>2</baseMoodEffect>
			</li>
			<li>
				<label>gregarious has some company</label>
				<description>I like having {NUMBER} people around.</description>
				<baseMoodEffect>4</baseMoodEffect>
			</li>
			<li>
				<label>gregarious has company</label>
				<description>It's cool having {NUMBER} people around!</description>
				<baseMoodEffect>6</baseMoodEffect>
			</li>
			<li>
				<label>gregarious has company</label>
				<description>It's really cool having {NUMBER} people around!</description>
				<baseMoodEffect>8</baseMoodEffect>
			</li>
			<li>
				<label>gregarious likes company</label>
				<description>There are so many nice people here!</description>
				<baseMoodEffect>10</baseMoodEffect>
			</li>
			<li>
				<label>gregarious likes company</label>
				<description>More and more and more and more!</description>
				<baseMoodEffect>12</baseMoodEffect>
			</li>
			<li>
				<label>gregarious enjoys company</label>
				<description>{NUMBER} and we are still not stopping! It's just so great!</description>
				<baseMoodEffect>14</baseMoodEffect>
			</li>
			<li>
				<label>gregarious enjoys company</label>
				<description>This is the place of my dreams!</description>
				<baseMoodEffect>16</baseMoodEffect>
			</li>
			<li>
				<label>gregarious loves company</label>
				<description>With {NUMBER} people here, I have interesting encounters every day!</description>
				<baseMoodEffect>18</baseMoodEffect>
			</li>
			<li>
				<label>gregarious lives dream</label>
				<description>I would have never dreamt of this, and yet I can experience it.</description>
				<baseMoodEffect>20</baseMoodEffect>
			</li>
		</stages>
		<nullifiedIfNotColonist>true</nullifiedIfNotColonist>
	</ThoughtDef>

	<!-- Pluviophile Thoughts -->
	<ThoughtDef>
		<defName>BOT_PluviophileLikesRain</defName>
		<workerClass>More_Traits.BOT_ThoughtWorker_PluviophileLikesRain</workerClass>
		<stages>
			<li>
				<label>pluviophile enjoying the rain</label>
				<description>I love the calm and peaceful nature of rain.</description>
				<baseMoodEffect>8</baseMoodEffect>
			</li>
		</stages>
		<requiredTraits>
			<li>BOT_Pluviophile</li>
		</requiredTraits>
	</ThoughtDef>

	<!-- Chionophile Thoughts -->
	<ThoughtDef>
		<defName>BOT_ChionophileLikesSnow</defName>
		<workerClass>More_Traits.BOT_ThoughtWorker_ChionophileLikesSnow</workerClass>
		<stages>
			<li>
				<label>chionophile enjoying the weather</label>
				<description>It's so beautiful when it's snowing. I could watch it all day.</description>
				<baseMoodEffect>8</baseMoodEffect>
			</li>
		</stages>
		<requiredTraits>
			<li>BOT_Chionophile</li>
		</requiredTraits>
	</ThoughtDef>
	
	<!-- Moody Thoughts -->
	<ThoughtDef>
		<defName>BOT_MoodyModifier</defName>
		<workerClass>More_Traits.BOT_ThoughtWorker_MoodyModifier</workerClass>
		<stages>
			<li>
				<label>moody pawn is very unhappy</label>
				<description>I hate how everything is going.</description>
				<baseMoodEffect>-10</baseMoodEffect>
			</li>
			<li>
				<label>moody pawn is unhappy</label>
				<description>I really dislike the current situation.</description>
				<baseMoodEffect>-5</baseMoodEffect>
			</li>
			<li>
				<label>moody pawn is happy</label>
				<description>Today is a good day.</description>
				<baseMoodEffect>5</baseMoodEffect>
			</li>
			<li>
				<label>moody pawn is very happy</label>
				<description>Everything has been going great!</description>
				<baseMoodEffect>10</baseMoodEffect>
			</li>
		</stages>
		<requiredTraits>
			<li>BOT_Moody</li>
		</requiredTraits>
	</ThoughtDef>
	
	<!-- Early Bird Thoughts -->

	<ThoughtDef>
		<defName>BOT_EarlyBirdTimeThought</defName>
		<workerClass>More_Traits.BOT_ThoughtWorker_EarlyBirdTimeThought</workerClass>
		<stages>
			<li>
				<label>early bird is up early</label>
				<description>The early hours are the best part of the day!</description>
				<baseMoodEffect>16</baseMoodEffect>
			</li>
			<li>
				<label>early bird is up late</label>
				<description>I don't like working late.</description>
				<baseMoodEffect>-10</baseMoodEffect>
			</li>
		</stages>
		<requiredTraits>
			<li>BOT_EarlyBird</li>
		</requiredTraits>
	</ThoughtDef>
	
	<!-- Communal Thoughts -->
	<ThoughtDef>
		<defName>BOT_CommunalSharing</defName>
		<durationDays>1</durationDays>
		<stackLimit>1</stackLimit>
		<stages>
			<li>
				<label>communal slept all alone</label>
				<description>I wish I could share my room with someone..</description>
				<baseMoodEffect>-3</baseMoodEffect>
			</li>
			<li>
				<label>communal didn't sleep alone</label>
				<description>I like being able to share my room.</description>
				<baseMoodEffect>1</baseMoodEffect>
			</li>
			<li>
				<label>communal slept with a few people</label>
				<description>It's neat being able to share my room.</description>
				<baseMoodEffect>2</baseMoodEffect>
			</li>
			<li>
				<label>communal slept with others</label>
				<description>I like sharing my room with others.</description>
				<baseMoodEffect>4</baseMoodEffect>
			</li>
			<li>
				<label>communal slept with many others</label>
				<description>It's cool being able to share my room with many others!</description>
				<baseMoodEffect>6</baseMoodEffect>
			</li>
			<li>
				<label>communal slept with many others</label>
				<description>It's really cool having many others sleep in my room with me!</description>
				<baseMoodEffect>8</baseMoodEffect>
			</li>
			<li>
				<label>communal slept with many others</label>
				<description>There are so many nice people sleeping inside my room with me!</description>
				<baseMoodEffect>10</baseMoodEffect>
			</li>
			<li>
				<label>communal slept with many others</label>
				<description>More and more and more and more!</description>
				<baseMoodEffect>12</baseMoodEffect>
			</li>
			<li>
				<label>communal slept with many others</label>
				<description>The number of others sleeping in my room with me is making me so happy!</description>
				<baseMoodEffect>14</baseMoodEffect>
			</li>
			<li>
				<label>communal slept with many others</label>
				<description>Sharing my room with so many other people is the greatest thing ever!</description>
				<baseMoodEffect>16</baseMoodEffect>
			</li>
			<li>
				<label>communal slept with many others</label>
				<description>With so many other people in my room, I don't ever have to feel alone at night.</description>
				<baseMoodEffect>18</baseMoodEffect>
			</li>
			<li>
				<label>communal slept with many others</label>
				<description>It's so great! We get to sleep together in this room!</description>
				<baseMoodEffect>20</baseMoodEffect>
			</li>
		</stages>
		<requiredTraits>
			<li>BOT_Communal</li>
		</requiredTraits>
		<nullifiedIfNotColonist>true</nullifiedIfNotColonist>
	</ThoughtDef>
	
	<!-- Comedian thoughts -->
	<ThoughtDef>
		<defName>BOT_ComedianGoodJokeMood</defName>
		<durationDays>0.5</durationDays>
		<stackLimit>10</stackLimit>
		<stackedEffectMultiplier>0.9</stackedEffectMultiplier>
		<stages>
			<li>
				<label>heard a good joke</label>
				<description>I heard a good joke today.</description>
				<baseMoodEffect>3</baseMoodEffect>
			</li>
		</stages>
	</ThoughtDef>

	<ThoughtDef>
		<defName>BOT_ComedianBadJokeMood</defName>
		<durationDays>0.5</durationDays>
		<stackLimit>10</stackLimit>
		<stackedEffectMultiplier>0.9</stackedEffectMultiplier>
		<stages>
			<li>
				<label>heard a bad joke</label>
				<description>I heard a bad joke today.</description>
				<baseMoodEffect>-3</baseMoodEffect>
			</li>
		</stages>
	</ThoughtDef>

	<ThoughtDef>
		<defName>BOT_ComedianGoodJokeOpinion</defName>
		<thoughtClass>Thought_MemorySocial</thoughtClass>
		<durationDays>20</durationDays>
		<stackLimit>300</stackLimit>
		<stackLimitForSameOtherPawn>10</stackLimitForSameOtherPawn>
		<stackedEffectMultiplier>0.9</stackedEffectMultiplier>
		<stages>
			<li>
				<label>made a good joke</label>
				<baseOpinionOffset>9</baseOpinionOffset>
			</li>
		</stages>
	</ThoughtDef>

	<ThoughtDef>
		<defName>BOT_ComedianBadJokeOpinion</defName>
		<thoughtClass>Thought_MemorySocial</thoughtClass>
		<durationDays>20</durationDays>
		<stackLimit>300</stackLimit>
		<stackLimitForSameOtherPawn>10</stackLimitForSameOtherPawn>
		<stackedEffectMultiplier>0.9</stackedEffectMultiplier>
		<stages>
			<li>
				<label>made a bad joke</label>
				<baseOpinionOffset>-9</baseOpinionOffset>
			</li>
		</stages>
	</ThoughtDef>
	
	<ThoughtDef>
		<defName>BOT_ComedianGoodJokeOpinionSelf</defName>
		<thoughtClass>Thought_MemorySocial</thoughtClass>
		<durationDays>20</durationDays>
		<stackLimit>300</stackLimit>
		<stackLimitForSameOtherPawn>10</stackLimitForSameOtherPawn>
		<stackedEffectMultiplier>0.9</stackedEffectMultiplier>
		<stages>
			<li>
				<label>liked my joke</label>
				<baseOpinionOffset>9</baseOpinionOffset>
			</li>
		</stages>
	</ThoughtDef>

	<ThoughtDef>
		<defName>BOT_ComedianBadJokeOpinionSelf</defName>
		<thoughtClass>Thought_MemorySocial</thoughtClass>
		<durationDays>20</durationDays>
		<stackLimit>300</stackLimit>
		<stackLimitForSameOtherPawn>10</stackLimitForSameOtherPawn>
		<stackedEffectMultiplier>0.9</stackedEffectMultiplier>
		<stages>
			<li>
				<label>disliked my joke</label>
				<baseOpinionOffset>-9</baseOpinionOffset>
			</li>
		</stages>
	</ThoughtDef>

	<ThoughtDef>
		<defName>BOT_GunCrazyHoldingMelee</defName>
		<workerClass>More_Traits.BOT_ThoughtWorker_IsCarryingMeleeWeapon</workerClass>
		<validWhileDespawned>true</validWhileDespawned>
		<requiredTraits>
			<li>BOT_GunCrazy</li>
		</requiredTraits>
		<stages>
			<li>
				<label>gun crazy has melee weapon</label>
				<description>What is this, it can't even shoot?</description>
				<baseMoodEffect>-10</baseMoodEffect>
			</li>
			<li>
				<label>gun crazy has ranged weapon</label>
				<description>For my neutral special, I wield a gun!</description>
				<baseMoodEffect>5</baseMoodEffect>
			</li>
		</stages>
	</ThoughtDef>
</Defs>
