<?xml version="1.0" encoding="utf-8"?>
<ModMetaData>
	<name>[DN] Bundle Of Traits</name>
	<author>Danimineiro</author>
	<modDependencies>
		<li>
			<packageId>brrainz.harmony</packageId>
			<displayName>Harmony</displayName>
			<steamWorkshopUrl>https://steamcommunity.com/sharedfiles/filedetails/?id=2009463077</steamWorkshopUrl>
		</li>
	</modDependencies>
	<loadAfter>
		<li>Ludeon.RimWorld</li>
		<li>Ludeon.RimWorld.Royality</li>
		<li>Ludeon.RimWorld.Ideology</li>
		<li>brrainz.harmony</li>
		<li>VanillaExpanded.VanillaTraitsExpanded</li>
	</loadAfter>
	<supportedVersions>
		<li>1.3</li>
		<li>1.4</li>
	</supportedVersions>
	<packageId>dani.moreTraits</packageId>
	<description>
Bundle Of Traits is a mod that adds 15 new traits designed with special mechanics to make them more distinct than regular trait packs.

Read More on GitHub: https://github.com/Danimineiro/BucketOfTraits#readme
	</description>
</ModMetaData>
