<?xml version="1.0" encoding="UTF-8" standalone="yes"?>
<Manifest>
	<identifier>BundleOfTraits</identifier>
	<version>1.1.0.2</version>
	<dependencies>
		<li>brrainz.harmony</li>
	</dependencies>
	<loadAfter>
		<li>brrainz.harmony</li>
		<li>Ludeon.RimWorld</li>
		<li>Ludeon.RimWorld.Royality</li>
		<li>Ludeon.RimWorld.Ideology</li>
		<li>VanillaExpanded.VanillaTraitsExpanded</li>
	</loadAfter>
	<manifestUri>https://github.com/Danimineiro/BundleOfTraits/tree/master/About/Manifest.xml</manifestUri>
	<downloadUri>https://github.com/Danimineiro/BundleOfTraits/releases/latest</downloadUri>
</Manifest>
