<?xml version="1.0" encoding="utf-8" ?>
<Patch>
	<!-- Pacifist death thoughts -->
	<Operation Class="PatchOperationConditional">
		<xpath>/Defs/ThoughtDef[defName="PawnWithBadOpinionDied"]/nullifyingTraits</xpath>
		<nomatch Class="PatchOperationAdd">
			<xpath>/Defs/ThoughtDef[defName="PawnWithBadOpinionDied"]</xpath>
			<value>
				<nullifyingTraits>
					<li>BOT_Pacifist</li>
				</nullifyingTraits>
			</value>
		</nomatch>
		<match Class="PatchOperationAdd">
			<xpath>/Defs/ThoughtDef[defName="PawnWithBadOpinionDied"]/nullifyingTraits</xpath>
			<value>
				<li>BOT_Pacifist</li>
			</value>
		</match>
	</Operation>
</Patch>
