<?xml version="1.0" encoding="utf-8" ?>
<Patch>
	<!-- Pluviophile getting wet -->
	<Operation Class="PatchOperationConditional">
		<xpath>/Defs/ThoughtDef[defName="SoakingWet"]/nullifyingTraits</xpath>
		<nomatch Class="PatchOperationAdd">
			<xpath>/Defs/ThoughtDef[defName="SoakingWet"]</xpath>
			<value>
				<nullifyingTraits>
					<li>BOT_Pluviophile</li>
				</nullifyingTraits>
			</value>
		</nomatch>
		<match Class="PatchOperationAdd">
			<xpath>/Defs/ThoughtDef[defName="SoakingWet"]/nullifyingTraits</xpath>
			<value>
				<li>BOT_Pluviophile</li>
			</value>
		</match>
	</Operation>
	
	<!-- Sadist patches -->
	<Operation Class="PatchOperationConditional">
		<xpath>/Defs/ThoughtDef[defName="KnowGuestOrganHarvested"]/nullifyingTraits</xpath>
		<nomatch Class="PatchOperationAdd">
			<xpath>/Defs/ThoughtDef[defName="KnowGuestOrganHarvested"]</xpath>
			<value>
				<nullifyingTraits>
					<li>BOT_Sadist</li>
				</nullifyingTraits>
			</value>
		</nomatch>
		<match Class="PatchOperationAdd">
			<xpath>/Defs/ThoughtDef[defName="KnowGuestOrganHarvested"]/nullifyingTraits</xpath>
			<value>
				<li>BOT_Sadist</li>
			</value>
		</match>
	</Operation>
</Patch>
