<?xml version="1.0" encoding="utf-8" ?>
<Defs>
	<EffecterDef>
		<defName>BOT_ClaustrophobicEffector</defName>
		<children>
			<li>
				<subEffecterClass>SubEffecter_DrifterEmoteChance</subEffecterClass>
				<scale>0.9~1.1</scale>
				<chancePerTick>0.01</chancePerTick>
				<positionRadius>0.3</positionRadius>
				<moteDef>BOT_Mote_Claustrophobic</moteDef>
				<speed>0.18~0.18</speed>
				<angle>40~60</angle>
				<rotation>-10~10</rotation>
			</li>
		</children>
	</EffecterDef>
</Defs>
